,first_group,second_group,third_group,fourth_group
0,0.9979030794131318,0.0020969205868680415,0.0,1.3893775685696074e-23
1,0.9976896209626591,0.002310379037340834,0.0,1.7733398229303435e-23
2,0.9974173836570485,0.002582616342951589,0.0,2.2965532650314855e-23
3,0.9970711721245947,0.0029288278754051986,0.0,3.017559452536466e-23
4,0.9966305561560493,0.0033694438439505485,0.0,4.022564596089672e-23
5,0.9960679588058803,0.003932041194119667,0.0,5.439802582495238e-23
6,0.9953459521269638,0.004654047873036235,0.0,7.461972714005387e-23
7,0.9944134145940164,0.005586585405983489,0.0,1.0381603449714869e-22
8,0.9932000463104973,0.0067999536895027215,0.0,1.464726643101186e-22
9,0.991608509545605,0.00839149045439507,0.0,2.0953656081192841e-22
10,0.9895031365393804,0.010496863460619671,0.0,3.038699674011566e-22
11,0.9866936957479705,0.013306304252029468,0.0,4.466122663144177e-22
12,0.9829121161810498,0.01708788381895018,0.0,6.650340546815747e-22
13,0.977779373282597,0.02222062671740291,0.0,1.002840227739891e-21
14,0.9707591224829031,0.029240877517096957,0.0,1.5304639985656496e-21
15,0.9610946731340038,0.038905326865996355,0.0,2.361763941322981e-21
16,0.9477278654665293,0.05227213453347065,0.0,3.680694592507542e-21
17,0.9292052315427098,0.07079476845729023,0.0,5.7826947231573874e-21
18,0.9035938330337304,0.09640616696626955,0.0,9.135680182703382e-21
19,0.8684639715051089,0.13153602849489116,0.0,1.4461894331481854e-20
20,0.8210526526328648,0.17894734736713525,0.0,2.282903341641983e-20
21,0.758780292847984,0.24121970715201602,0.0,3.571036204216312e-20
22,0.6802699611218123,0.3197300388781878,0.0,5.493150796403687e-20
23,0.5867538331501918,0.4132461668498082,0.0,8.240260272508454e-20
24,0.48317897228679885,0.5168210277132012,0.0,1.196199681804779e-19
25,0.37787807810538954,0.6221219218946105,0.0,1.6715055276289206e-19
26,0.28026091153839255,0.7197390884616075,0.0,2.2449857860583574e-19
27,0.19764384789469142,0.8023561521053086,0.0,2.9056899539078476e-19
28,0.1332772800762123,0.8667227199237878,0.0,3.64454423196611e-19
29,0.08653135630600092,0.9134686436939992,0.0,4.460412495911917e-19
30,0.05445316451699948,0.9455468354830006,0.0,5.361917560089934e-19
31,0.033397646681833,0.9666023533181669,0.0,6.366166739766049e-19
32,0.020048369534616074,0.979951630465384,0.0,7.496615518694621e-19
33,0.011814297446319932,0.98818570255368,0.0,8.781464665213248e-19
34,0.006848221475919357,0.9931517785240808,0.0,1.0252957658547266e-18
35,0.0039098524845503834,0.9960901475154497,0.0,1.1947435060605485e-18
36,0.0022004905300322536,0.9977995094699678,0.0,1.390590179569353e-18
37,0.0012214691851777809,0.9987785308148223,0.0,1.6174923889984603e-18
38,0.0006689437055337499,0.9993310562944663,0.0,1.880775416168556e-18
39,0.0003615151313766371,0.9996384848686234,0.0,2.1865648266782983e-18
40,0.00019281720137853537,0.9998071827986215,0.0,2.5419370963975577e-18
41,0.00010150324886180202,0.9998984967511381,0.0,2.9550915141592025e-18
42,5.274114241234163e-05,0.9999472588575876,0.0,3.4355470186301483e-18
43,2.705004829262422e-05,0.9999729499517073,0.0,3.994368630938548e-18
44,1.3694457381878938e-05,0.999986305542618,0.0,4.6444290142850794e-18
45,6.843633954096969e-06,0.9999931563660459,0.0,5.400711575262435e-18
46,3.375975407018434e-06,0.999996624024593,0.0,6.2806625046359066e-18
47,1.643943163524635e-06,0.9999983560568364,0.0,7.304600293904068e-18
48,7.902294074972912e-07,0.9999992097705924,0.0,8.496192601592166e-18
49,3.7497458993104204e-07,0.9999996250254101,0.0,9.883011919988295e-18
50,1.756450062545586e-07,0.9999998243549937,0.0,1.1497183350458746e-17
51,8.121904174798646e-08,0.9999999187809582,0.0,1.3376139979684351e-17
52,3.707409198083382e-08,0.999999962925908,0.0,1.5563503913072382e-17
53,1.6706138959968295e-08,0.999999983293861,0.0,1.8110114026901063e-17
54,7.431502878214027e-09,0.999999992568497,0.0,2.107522501976194e-17
55,3.2634284991308723e-09,0.9999999967365715,0.0,2.4527906461513502e-17
56,1.4147189089795564e-09,0.9999999985852811,0.0,2.8548675353995693e-17
57,6.054333805559123e-10,0.9999999993945667,0.0,3.3231401349242794e-17
58,2.557785337298167e-10,0.9999999997442214,0.0,3.8685530355158045e-17
59,1.0667547347253219e-10,0.9999999998933246,0.0,4.5038679956445496e-17
60,4.392066442303938e-11,0.9999999999560794,0.0,5.243966907853021e-17
61,1.7851635305704986e-11,0.9999999999821483,0.0,6.106205484486994e-17
62,7.162963035865461e-12,0.999999999992837,0.0,7.11082618819136e-17
63,2.8373552170445965e-12,0.9999999999971625,0.0,8.281440371346078e-17
64,1.1095364865237455e-12,0.9999999999988903,0.0,9.645591271147656e-17
65,4.2832835190892814e-13,0.9999999999995716,0.0,1.1235411474814266e-16
66,1.632374449924903e-13,0.9999999999998366,0.0,1.3088390770945106e-16
67,6.141447901067343e-14,0.9999999999999383,0.0,1.52482729952412e-16
68,2.2810246096418176e-14,0.999999999999977,0.0,1.7766103628141133e-16
69,8.363681832132103e-15,0.9999999999999915,0.0,2.0701453586381638e-16
70,3.0274251402466717e-15,0.9999999999999969,0.0,2.4123848961332733e-16
71,1.0818266503066642e-15,0.9999999999999987,0.0,2.8114441501081303e-16
72,3.816367634380335e-16,0.9999999999999993,0.0,3.2767960535863767e-16
73,1.3290791714150295e-16,0.9999999999999993,0.0,3.819499395425983e-16
74,4.569402566742994e-17,0.9999999999999996,0.0,4.452465392238713e-16
75,1.5508709640296467e-17,0.9999999999999994,0.0,5.190769250152267e-16
76,5.1963607349423785e-18,0.9999999999999993,0.0,6.052014339699313e-16
77,1.7188183168600193e-18,0.9999999999999993,0.0,7.056757903926459e-16
78,5.612641988005597e-19,0.9999999999999991,0.0,8.229008738083946e-16
79,1.8093017252716862e-19,0.999999999999999,0.0,9.596809056948722e-16
80,5.757852238088702e-20,0.9999999999999989,0.0,1.1192914847446517e-15
81,1.8089036838595564e-20,0.9999999999999987,0.0,1.3055591441930914e-15
82,5.610160753572377e-21,0.9999999999999986,0.0,1.522954390239302e-15
83,1.7176695185856832e-21,0.9999999999999982,0.0,1.776700514969662e-15
84,5.1916791083550935e-22,0.9999999999999979,0.0,2.072900868870449e-15
85,1.5491000848021422e-22,0.9999999999999976,0.0,2.4186877368429312e-15
86,4.5630368893915256e-23,0.9999999999999972,0.0,2.822396499166597e-15
87,1.326877406936763e-23,0.9999999999999967,0.0,3.293769388646324e-15
88,3.808986027494286e-24,0.9999999999999961,0.0,3.8441938931216196e-15
89,1.0794167599517255e-24,0.9999999999999956,0.0,4.4869817172535025e-15
90,3.0197400787046116e-25,0.9999999999999948,0.0,5.23769523090597e-15
91,8.339692262175188e-26,0.9999999999999939,0.0,6.11452951915847e-15
92,2.273683283162539e-26,0.9999999999999929,0.0,7.138759541121804e-15
93,6.119399645314361e-27,0.9999999999999917,0.0,8.335263536596161e-15
94,1.6258706577158848e-27,0.9999999999999902,0.0,9.733135732644589e-15
95,4.264429329130243e-28,0.9999999999999886,0.0,1.136640364498434e-14
96,1.1041625849195854e-28,0.9999999999999867,0.0,1.3274867898790273e-14
97,2.822290643301186e-29,0.9999999999999846,0.0,1.550508557703751e-14
98,7.12141801403002e-30,0.9999999999999819,0.0,1.811152172050357e-14
99,1.7738900107416105e-30,0.9999999999999789,0.0,2.1157897844290505e-14
100,4.361961220223468e-31,0.9999999999999754,0.0,2.471877130955712e-14
101,1.0588422332660544e-31,0.9999999999999711,0.0,2.888138522327025e-14
102,2.537315649799346e-32,0.9999999999999662,0.0,3.374783538254219e-14
103,6.002207118152382e-33,0.9999999999999606,0.0,3.943760880889681e-14
104,1.4016518265266882e-33,0.9999999999999539,0.0,4.6090557837538725e-14
105,3.231182335717805e-34,0.9999999999999462,0.0,5.3870384779280545e-14
106,7.353166450922851e-35,0.999999999999937,0.0,6.296872514226878e-14
107,1.6518796731975469e-35,0.9999999999999264,0.0,7.360993262075797e-14
108,3.6633041313006266e-36,0.9999999999999138,0.0,8.60566869208874e-14
109,8.019689900546294e-37,0.9999999999998994,0.0,1.0061656645923331e-13
110,1.7331322055379185e-37,0.9999999999998824,0.0,1.1764975257989395e-13
111,3.6973861932456783e-38,0.9999999999998623,0.0,1.3757806082574923e-13
112,7.786574393709348e-39,0.999999999999839,0.0,1.6089552871635562e-13
113,1.6187733927352615e-39,0.9999999999998118,0.0,1.8818082930659924e-13
114,3.3221036554324425e-40,0.9999999999997798,0.0,2.201118265585103e-13
115,6.730189773319143e-41,0.9999999999997425,0.0,2.574826434662132e-13
116,1.3459470159443866e-41,0.9999999999996988,0.0,3.01223678356427e-13
117,2.657141345548863e-42,0.9999999999996476,0.0,3.524250805198194e-13
118,5.178296473994627e-43,0.9999999999995876,0.0,4.123642852820633e-13
119,9.961947602183366e-44,0.9999999999995175,0.0,4.825383131137961e-13
120,1.8918478765847282e-44,0.9999999999994353,0.0,5.647016601294285e-13
121,3.546600916785422e-45,0.9999999999993391,0.0,6.609107515385037e-13
122,6.563297972403199e-46,0.9999999999992264,0.0,7.735760990564541e-13
123,1.1989888725997281e-46,0.9999999999990944,0.0,9.05523502383742e-13
124,2.1621755931013936e-47,0.99999999999894,0.0,1.060065868833678e-12
125,3.84901049432551e-48,0.9999999999987589,0.0,1.2410875001582622e-12
126,6.7637743288730565e-49,0.9999999999985469,0.0,1.4531430187978397e-12
127,1.1733040200392684e-49,0.9999999999982985,0.0,1.7015734856461392e-12
128,2.0091529705002084e-50,0.9999999999980074,0.0,1.992642707956919e-12
129,3.39622150464727e-51,0.9999999999976663,0.0,2.333697260964633e-12
130,5.667077298040164e-52,0.9999999999972667,0.0,2.7333543639672516e-12
131,9.33473427802731e-53,0.9999999999967983,0.0,3.201722477286523e-12
132,1.5178332095386895e-53,0.9999999999962493,0.0,3.750660339818566e-12
133,2.4362675746372397e-54,0.9999999999956058,0.0,4.394081170343031e-12
134,3.860151427219827e-55,0.9999999999948517,0.0,5.1483099358894675e-12
135,6.037563377840947e-56,0.9999999999939675,0.0,6.032502978481632e-12
136,9.321732868485298e-57,0.9999999999929309,0.0,7.0691409242455794e-12
137,1.4207209398556173e-57,0.9999999999917153,0.0,8.2846077194465e-12
138,2.1374584372416112e-58,0.9999999999902902,0.0,9.709870897463702e-12
139,3.1744094169191972e-59,0.9999999999886188,0.0,1.1381280839021633e-11
140,4.653761894424423e-60,0.9999999999866584,0.0,1.3341509915827004e-11
141,6.734741644227141e-61,0.9999999999843594,0.0,1.564065608833728e-11
142,9.620837621581632e-62,0.9999999999816624,0.0,1.8337539859725645e-11
143,1.3566868000019703e-62,0.9999999999784989,0.0,2.1501228585674652e-11
144,1.8885161091194188e-63,0.9999999999747872,0.0,2.5212828139446334e-11
145,2.5949905455893545e-64,0.9999999999704323,0.0,2.9567588993990577e-11
146,3.5198525728245577e-65,0.9999999999653226,0.0,3.4677382096470686e-11
147,4.712880129238156e-66,0.9999999999593263,0.0,4.067360969799367e-11
148,6.229040607513777e-67,0.9999999999522894,0.0,4.7710627824681883e-11
149,8.126965269261184e-68,0.9999999999440303,0.0,5.5969770644491097e-11
150,1.0466651095366065e-68,0.999999999934336,0.0,6.566408296149549e-11
151,1.3306346368730658e-69,0.9999999999229562,0.0,7.704388588492745e-11
152,1.6698646429966454e-70,0.9999999999095966,0.0,9.040332288000483e-11
153,2.068591429372648e-71,0.9999999998939119,0.0,1.06088059507919e-10
154,2.529524096656187e-72,0.9999999998754956,0.0,1.2450434090643672e-10
155,3.0533262688834415e-73,0.9999999998538703,0.0,1.4612964727941882e-10
156,3.6381244339059384e-74,0.9999999998284748,0.0,1.7152523033073336e-10
157,4.279090559185333e-75,0.9999999997986491,0.0,2.0135086384822835e-10
158,4.968149491837122e-76,0.9999999997636179,0.0,2.3638220087614866e-10
159,5.693859429124529e-77,0.9999999997224688,0.0,2.7753119971282604e-10
160,6.441505727276853e-78,0.9999999996741299,0.0,3.2587016322584347e-10
161,7.193434444868892e-79,0.99999999961734,0.0,3.826600329198071e-10
162,7.92963302960458e-80,0.9999999995506162,0.0,4.4938369345386266e-10
163,8.628543008639224e-81,0.9999999994722147,0.0,5.277851779917001e-10
164,9.268065695531838e-82,0.9999999993800841,0.0,6.19915823538875e-10
165,9.826699514162658e-83,0.9999999992718114,0.0,7.281886126028276e-10
166,1.028472941806097e-83,0.9999999991445578,0.0,8.554421582000915e-10
167,1.0625377627682764e-84,0.9999999989949839,0.0,1.0050160494515285e-09
168,1.0835822410183445e-85,0.9999999988191604,0.0,1.1808395818533774e-09
169,1.090799876601845e-86,0.9999999986124637,0.0,1.3875362581735158e-09
170,1.0839111338192422e-87,0.9999999983694532,0.0,1.6305468726950618e-09
171,1.0631814073549539e-88,0.9999999980837255,0.0,1.916274494895886e-09
172,1.0294040539626164e-89,0.9999999977477447,0.0,2.252255262404769e-09
173,9.838500020954602e-91,0.9999999973526403,3.54e-321,2.6473595934966003e-09
174,9.281884013284478e-92,0.9999999968879707,1.65343722e-315,3.11202925570703e-09
175,8.643852170624538e-93,0.9999999963414433,6.64993150528337e-310,3.6585567020651623e-09
176,7.945883503841329e-94,0.9999999956985858,2.382041429005431e-304,4.301414236772819e-09
177,7.210086089101983e-95,0.9999999949423581,7.599494884496979e-299,5.0576419295651876e-09
178,6.458056349394367e-96,0.9999999940526952,2.159355478455416e-293,5.947304799869682e-09
179,5.70986796344659e-97,0.9999999930059683,5.4647263304884924e-288,6.994031682413171e-09
180,4.9832524972253425e-98,0.9999999917743495,1.2317386637024102e-282,8.225650417296303e-09
181,4.293011505193467e-99,0.9999999903250634,2.472725036472667e-277,9.674936641405419e-09
182,3.6506759697640763e-100,0.9999999886195036,4.4212147949223673e-272,1.1380496567202629e-08
183,3.064406285651758e-101,0.9999999866121921,7.040729277218893e-267,1.3387807805479822e-08
184,2.5391068388735457e-102,0.9999999842495534,9.986330539836188e-262,1.5750446622272118e-08
185,2.0767151619170053e-103,0.9999999814684649,1.2615627916918445e-256,1.8531535136964282e-08
186,1.6766174336694532e-104,0.999999978194552,1.419479945736604e-251,2.180544801071116e-08
187,1.3361397017141917e-105,0.9999999743401746,1.4225594277124085e-246,2.5659825309466432e-08
188,1.051066928993116e-106,0.9999999698020533,1.2698026814135077e-241,3.019794665257456e-08
189,8.161486274663722e-108,0.9999999644584683,1.0095580752393348e-236,3.554153171053413e-08
190,6.255590184887299e-109,0.9999999581659561,7.149258452665178e-232,4.183404387142245e-08
191,4.73289916181123e-110,0.9999999507554123,4.509533510528451e-227,4.924458778233377e-08
192,3.53464595159005e-111,0.9999999420274921,2.5336729755802312e-222,5.7972507877545526e-08
193,2.6056979663621626e-112,0.9999999317471856,1.2680210650529788e-217,6.825281438719157e-08
194,1.8961011486782343e-113,0.9999999196374137,5.6528760099722724e-213,8.036258622082262e-08
195,1.3619400442504748e-114,0.9999999053714728,2.2448707978163644e-208,9.46285271801353e-08
196,9.656357359091298e-116,0.999999888564116,7.941562101745182e-204,1.1143588393217029e-07
197,6.758142061507094e-117,0.9999998687610281,2.502818236976713e-199,1.3123897196474229e-07
198,4.668740640840192e-118,0.9999998454263996,7.027166340433202e-195,1.5457360040997064e-07
199,3.183687452912316e-119,0.9999998179282605,1.7578449180523437e-190,1.8207173941369973e-07
200,2.1429851052735787e-120,0.9999997855211639,3.9179213949831795e-186,2.1447883613201663e-07
201,1.4238549038752701e-121,0.9999997473257408,7.780997959931719e-182,2.526742592063466e-07
202,9.3383464922297e-123,0.9999997023045611,1.3770626236286532e-177,2.9769543878265537e-07
203,6.045492842203494e-124,0.9999996492336278,2.1719549511157122e-173,3.507663722556403e-07
204,3.8632314904226873e-125,0.9999995866687122,3.0533246599066797e-169,4.133312878435956e-07
205,2.4368391632811003e-126,0.9999995129055977,3.826254673908897e-165,4.870944022753933e-07
206,1.5172597324704814e-127,0.9999994259331206,4.274797750081351e-161,5.740668793709933e-07
207,9.325019627416484e-129,0.999999323377702,4.258629014192396e-157,6.766222979417436e-07
208,5.657130010434077e-130,0.999999202437824,3.7837223497033784e-153,7.975621759329913e-07
209,3.387653444019896e-131,0.9999990598066202,2.9988792703737686e-149,9.401933798338186e-07
210,2.002433183689586e-132,0.9999988915804179,2.1207911899608885e-145,1.108419582083461e-06
211,1.1683505481664945e-133,0.999998693150676,1.338629517684895e-141,1.306849323977926e-06
212,6.728902107090435e-135,0.9999984590762914,7.543757155807805e-138,1.5409237086315867e-06
213,3.825348456017803e-136,0.9999981829326988,3.7969888171288486e-134,1.8170673011477065e-06
214,2.1466111501327434e-137,0.999997857133533,1.7076310160532674e-130,2.1428664670121967e-06
215,1.1890255556085999e-138,0.9999974727198466,6.865156597681362e-127,2.527280153452971e-06
216,6.501061419122636e-140,0.9999970191109658,2.4684638687750878e-123,2.9808890341364743e-06
217,3.5085887445667665e-141,0.9999964838099787,7.942543766509638e-120,3.5161900211956316e-06
218,1.869113288921493e-142,0.999995852055569,2.2882391107123816e-116,4.147944431099718e-06
219,9.828643760140163e-144,0.9999951064103911,5.90630972809165e-113,4.893589608880573e-06
220,5.101597851894738e-145,0.9999942262743878,1.3667018013423553e-109,5.773725612059883e-06
221,2.6138060217554504e-146,0.9999931873093174,2.8368831699649365e-106,6.812690682604105e-06
222,1.3218885545659063e-147,0.9999919607582468,5.28536067968879e-103,8.039241753151683e-06
223,6.5988846099276675e-149,0.9999905126407854,8.843120026945083e-100,9.487359214594924e-06
224,3.2516236828606396e-150,0.999988802801299,1.3293258051013176e-96,1.1197198701100253e-05
225,1.5815536206513195e-151,0.9999867837831733,1.7959877007748355e-93,1.3216216826754498e-05
226,7.59313825604117e-153,0.9999843994972453,2.1813029405005366e-90,1.5600502754746644e-05
227,3.598423559218712e-154,0.9999815836466632,2.381773050376769e-87,1.8416353336821263e-05
228,1.6832812346330545e-155,0.9999782578635049,2.337868656725304e-84,2.1742136495161412e-05
229,7.772385701483104e-157,0.9999743295042709,2.062392830971788e-81,2.567049572907365e-05
230,3.5424611662005168e-158,0.9999696890416505,1.6345083131421508e-78,3.031095834938404e-05
231,1.5937080509686992e-159,0.9999642069784482,1.163173252501209e-75,3.5793021551695244e-05
232,7.077260221060173e-161,0.9999577301959365,7.428042070471481e-73,4.2269804063584985e-05
233,3.102230729063583e-162,0.9999500776327719,4.253764676701566e-70,4.9922367228062745e-05
234,1.3422559924167496e-163,0.999941035171526,2.1828055089346825e-67,5.896482847399343e-05
235,5.732561319130556e-165,0.9999303495872858,1.0029055846785133e-64,6.96504127141735e-05
236,2.4166509393689242e-166,0.9999177213860593,4.122555665339161e-62,8.227861394070433e-05
237,1.0056126713635476e-167,0.9999027963290937,1.514946703730175e-59,9.720367090624497e-05
238,4.1304641102186933e-169,0.9998851554018275,4.973088364053786e-57,0.00011484459817244806
239,1.674626465677767e-170,0.999864302941988,1.4572754034605376e-54,0.00013569705801194448
240,6.701741458535219e-172,0.9998396525891141,3.8093430709711315e-52,0.0001603474108859301
241,2.647327094395002e-173,0.9998105106560883,8.877222297385625e-50,0.00018948934391175047
242,1.0322319475642423e-174,0.9997760564504513,1.8431809106611127e-47,0.00022394354954873396
243,3.9727956068761274e-176,0.9997353189873966,3.407905768610037e-45,0.00026468101260336313
244,1.509259028056673e-177,0.9996871494351675,5.6081517303833376e-43,0.0003128505648325857
245,5.659515953390917e-179,0.9996301885145026,8.210437317246099e-41,0.00036981148549736806
246,2.0947970038889906e-180,0.9995628279338421,1.0689214956495517e-38,0.0004371720661578928
247,7.653336806178548e-182,0.9994831647778133,1.2370651015480846e-36,0.0005168352221867319
248,2.7599731734498205e-183,0.9993889475742858,1.2721992138756104e-34,0.0006110524257142869
249,9.824326698952234e-185,0.9992775125407533,1.1622384767680498e-32,0.0007224874592467574
250,3.451780478546958e-186,0.9991457082493601,9.429455818360526e-31,0.0008542917506399279
251,1.197082999098114e-187,0.9989898066465859,6.792252318442753e-29,0.0010101933534141115
252,4.097736886951876e-189,0.9988053980133484,4.3428131332554945e-27,0.0011946019866514491
253,1.3845231574609461e-190,0.998587267049097,2.464119764729245e-25,0.0014127329509030266
254,4.6173197343167755e-192,0.9983292468049297,1.2405004866409655e-23,0.0016707531950702814
255,1.519882353898571e-193,0.9980240466726987,5.539808271385427e-22,0.0019759533273013
256,4.938060897964502e-195,0.9976630500585,2.1942177230828775e-20,0.0023369499415000564
257,1.5835245924612501e-196,0.997236076732708,7.706940134354892e-19,0.0027639232672919726
258,5.011984606182671e-198,0.9967311041634536,2.4001396328158388e-17,0.0032688958365464393
259,1.565686727803549e-199,0.9961339414237801,6.62647369295446e-16,0.0038660585762192445
260,4.827283243364518e-201,0.9954278485454379,1.621670682249044e-14,0.004572151454545828
261,1.4689082438955484e-202,0.9945930935240253,3.5174083991998994e-13,0.005406906475623014
262,4.411336145512139e-204,0.9936064386340016,6.761000003041606e-12,0.006393561359237528
263,1.3074256390614625e-205,0.992440547341473,1.1515342678566572e-10,0.007559452543373371
264,3.824025467572218e-207,0.9910633022307567,1.7376865904770352e-09,0.008936696031556732
265,1.1037341565436361e-208,0.9894370130536876,2.3229826377669625e-08,0.01056296371648611
266,3.143605307508572e-210,0.9875173656882413,2.7507513369051145e-07,0.012482359236624958
267,8.834600266449476e-212,0.9852507418963979,2.8849390342993656e-06,0.014746373164567802
268,2.449656953598562e-213,0.9825585232514996,2.6794266162209986e-05,0.01741468248233815
269,6.700176472895816e-215,0.9792259430667888,0.00022031706875448213,0.020553739864456647
270,1.805713923762525e-216,0.9741804760741475,0.001601970735494272,0.024217553190358135
271,4.765340000679427e-218,0.9614540511997548,0.010236311062777401,0.028309637737467874
272,1.1936726127504784e-219,0.9124613283904706,0.05571376182996578,0.03182490977956369
273,2.5218183584259883e-221,0.7399257360750575,0.22950255351679938,0.030571710408143077
274,3.585373359274629e-223,0.40907635294497985,0.5708998340700289,0.020023812984991233
275,3.3608451411398274e-225,0.1510653204576258,0.8401737568113775,0.00876092273099671
276,2.6929572362308203e-227,0.04831063121473583,0.9483696424945385,0.003319726290725669
277,2.2075712720060035e-229,0.01601311149529347,0.9826829966702886,0.0013038918344180682
278,1.9680786891410765e-231,0.0058479279466477655,0.9935877774994425,0.000564294553909755
279,1.9413496428368872e-233,0.002393937232155112,0.9973322924849944,0.00027377028285047373
280,2.1293435353989075e-235,0.0011039645396629146,0.9987464015531707,0.00014963390716629194
281,2.600948166439688e-237,0.0005743709758856318,0.9993333505661057,9.227845800860224e-05
282,3.5398602033743315e-239,0.00033732565029672383,0.9995984319554816,6.424239422169884e-05
283,5.368987444245242e-241,0.0002236707724727409,0.9997258308281264,5.049839940097099e-05
284,9.075786132005779e-243,0.0001674579937054145,0.9997877189204517,4.482308584278656e-05
285,1.7099205063331705e-244,0.00014156424509814268,0.999813508657167,4.4927097734700526e-05
286,3.5906462087311284e-246,0.00013513181249128633,0.999814016814019,5.085137348969816e-05
287,8.403767081979576e-248,0.00014565241277363832,0.9997893519204475,6.499566677895818e-05
288,2.1921698944825916e-249,0.00017726703972370978,0.99972892328391,9.380967636621355e-05
289,6.3732114416869295e-251,0.00024359798409054602,0.9996035125701025,0.00015288944580688882
290,2.0648654678419856e-252,0.0003779377142650188,0.9993407171437781,0.0002813451419568028
291,7.453995755174764e-254,0.0006618846404325329,0.9987536644767275,0.0005844508828399471
292,2.996531237932649e-255,0.0013077607534211103,0.9973223935365111,0.0013698457100677578
293,1.339323731926591e-256,0.0029104696447407696,0.9934728083217459,0.0036167220335132956
294,6.620533127041539e-258,0.007257553337878126,0.9820424900157231,0.010699956646398757
295,3.551742593674989e-259,0.019898040800244585,0.9452944619359012,0.034807497263854195
296,1.931588777398529e-260,0.05602823170401269,0.8276740952562383,0.11629767303974899
297,8.726472631141658e-262,0.13277193444778956,0.5401865363313173,0.327041529220893
298,2.516056263375224e-263,0.20343007590872397,0.20190114926639852,0.5946687748248775
299,4.9048217343635363e-265,0.21349971669895687,0.04578480117973294,0.7407154821213102
300,8.164530206149766e-267,0.19383696024027244,0.007955909229816314,0.7982071305299113
301,1.2930865615786822e-268,0.16963536807346333,0.0011804395141289047,0.8291841924124077
302,2.0014073203409413e-270,0.1469805468037513,0.00015361158388841717,0.8528658416123602
303,3.0435074173602365e-272,0.12676124811994322,1.7626643303398914e-05,0.8732211252367534
304,4.5526588410422484e-274,0.10894749893175018,1.7857599807028396e-06,0.8910507153082692
305,6.702336171092337e-276,0.09336211381826458,1.5981829541033865e-07,0.90663772636344
306,9.71451088325189e-278,0.07980131775204545,1.264063822195602e-08,0.9201986696073162
307,1.3867314553545208e-279,0.06805789865914201,8.839384378085847e-10,0.9319421004569196
308,1.9501494035717194e-281,0.05793000099324825,5.466935713225328e-11,0.9420699989520824
309,2.702466301277517e-283,0.04922638052659747,2.9914488761141096e-12,0.9507736194704111
310,3.69120968300384e-285,0.04176964932252571,1.44867561811385e-13,0.9582303506773294
311,4.970267361644051e-287,0.03539801704740609,6.210690181716983e-15,0.9646019829525877
312,6.598854940142882e-289,0.029965908918978164,2.357802151658195e-16,0.9700340910810217
313,8.639730632151673e-291,0.025343782425941312,7.928431072240237e-18,0.9746562175740587
314,1.1156566800133858e-292,0.021417405756101942,2.3620480385205065e-19,0.978582594243898
315,1.4210445643491066e-294,0.018086803117611974,6.236171454217316e-21,0.9819131968823881
316,1.785552661608225e-296,0.015265020557301672,1.459419350293081e-22,0.9847349794426984
317,2.213403165662222e-298,0.012876822662378006,3.028167152039454e-24,0.987123177337622
318,2.707080361506329e-300,0.010857396013827998,5.572162129944078e-26,0.989142603986172
319,3.2667802096795024e-302,0.009151108743015538,9.095386826291833e-28,0.9908488912569845
320,3.88989951435702e-304,0.007710355859968505,1.3173033500629954e-29,0.9922896441400315
321,4.570616909762916e-306,0.0064945058852872006,1.693311796950166e-31,0.9935054941147128
322,5.299619767219265e-308,0.005468954511506685,1.9324174419927546e-33,0.9945310454884934
323,6.06402728149355e-310,0.004604284488982984,1.9584506320588587e-35,0.995395715511017
324,6.847549831116e-312,0.0038755268093441414,1.7632609797628878e-37,0.9961244731906559
325,7.630907023e-314,0.003261515862126067,1.4108106968595183e-39,0.9967384841378739
326,8.39250103e-316,0.0027443300437225223,1.0035468939153137e-41,0.9972556699562775
327,9.12125e-318,0.0023088089115240675,6.349011807283027e-44,0.9976911910884758
328,1.12454e-319,0.0019421381152125218,3.5741473457184245e-46,0.9980578618847876
329,0.0,0.0016334937983727782,1.7912319212815948e-48,0.9983665062016273
330,0.0,0.001373738805122543,7.996085977559743e-51,0.9986262611948774
331,0.0,0.0011551637519327759,3.181276751870233e-53,0.9988448362480672
332,0.0,0.00097126677063856,1.1287433081212179e-55,0.9990287332293615
333,0.0,0.0008165664545890501,3.573955085874888e-58,0.999183433545411
334,0.0,0.0006864432220174886,1.0105818637214032e-60,0.9993135567779824
335,0.0,0.0005770049362348438,2.553797100573613e-63,0.9994229950637651
336,0.0,0.0004849731858025108,5.772044061737653e-66,0.9995150268141975
337,0.0,0.0004075871288670053,1.1677332217679328e-68,0.9995924128711331
338,0.0,0.00034252224675631536,2.1162652081743713e-71,0.9996574777532437
339,0.0,0.00028782173686537867,3.4382786212036937e-74,0.9997121782631346
340,0.0,0.00024183860877770744,5.011509133478615e-77,0.9997581613912222
341,0.0,0.00020318683576455696,6.557419665278447e-80,0.9997968131642354
342,0.0,0.0001707001615044952,7.706763926205618e-83,0.9998292998384956
343,0.0,0.00014339737404391262,8.138982306201111e-86,0.9998566026259561
344,0.0,0.00012045304026138291,7.725915081537843e-89,0.9998795469597386
345,0.0,0.00010117284855951793,6.592766590180959e-92,0.9998988271514404
346,0.0,8.497283889240784e-05,5.0572179585552395e-95,0.9999150271611077
347,0.0,7.136191081385191e-05,3.486622612934673e-98,0.9999286380891862
348,0.0,5.992709486058732e-05,2.1597917902323162e-101,0.9999400729051394
349,0.0,5.032115274959838e-05,1.201565558247435e-104,0.9999496788472504
350,0.0,4.225213971564146e-05,6.000513193970257e-108,0.9999577478602844
351,0.0,3.547461969085803e-05,2.6883441329507207e-111,0.9999645253803091
352,0.0,2.9782272515691132e-05,1.0798712101671767e-114,0.9999702177274843
353,0.0,2.5001673322306154e-05,3.886689589237732e-118,0.9999749983266777
354,0.0,2.0987058802115728e-05,1.2526860699342803e-121,0.999979012941198
355,0.0,1.7615924239720483e-05,3.613291126433166e-125,0.9999823840757603
356,0.0,1.4785319800836888e-05,9.322246845354171e-129,0.9999852146801991
357,0.0,1.240873530943463e-05,2.150164070373181e-132,0.9999875912646906
358,0.0,1.0413480239186048e-05,4.4315102442892116e-136,0.9999895865197609
359,0.0,8.738480384326368e-06,8.157868689665904e-140,0.9999912615196157
360,0.0,7.332425094759336e-06,1.3408543044214284e-143,0.9999926675749052
361,0.0,6.152209422913618e-06,1.9670713067207237e-147,0.9999938477905771
362,0.0,5.161624342304027e-06,2.574917160996021e-151,0.9999948383756577
363,0.0,4.330255619083712e-06,3.0067541880969203e-155,0.9999956697443809
364,0.0,3.6325581667869764e-06,3.1313042572409543e-159,0.9999963674418332
365,0.0,3.047077975479963e-06,2.907764757603137e-163,0.9999969529220246
366,0.0,2.5557981352938292e-06,2.4072724600528667e-167,0.9999974442018646
367,0.0,2.14358920204733e-06,1.7764726372981758e-171,0.999997856410798
368,0.0,1.7977472900013694e-06,1.1684312672205403e-175,0.99999820225271
369,0.0,1.5076059169705863e-06,6.848743658030821e-180,0.9999984923940831
370,0.0,1.2642098486119265e-06,3.577174431647175e-184,0.9999987357901514
371,0.0,1.0600410579132842e-06,1.664772659122077e-188,0.9999989399589421
372,0.0,8.887884884744713e-07,6.902787548627517e-193,0.9999991112115114
373,0.0,7.451546330705393e-07,2.5498950455948698e-197,0.999999254845367
374,0.0,6.246930517616512e-07,8.39122827730605e-202,0.9999993753069483
375,0.0,5.236718897645466e-07,2.459884021066662e-206,0.9999994763281104
376,0.0,4.3895924246427783e-07,6.423515921130166e-211,0.9999995610407576
377,0.0,3.67926876923151e-07,1.4941206451581732e-215,0.999999632073123
378,0.0,3.083693759033209e-07,3.0955718723192224e-220,0.9999996916306241
379,0.0,2.5843623848145653e-07,5.712522616840006e-225,0.9999997415637615
380,0.0,2.1657486487054007e-07,9.389398469081631e-230,0.9999997834251352
381,0.0,1.8148268391723678e-07,1.3745568315831815e-234,0.9999998185173161
382,0.0,1.5206695987771229e-07,1.7922399334036537e-239,0.9999998479330401
383,0.0,1.274110488740035e-07,2.0812895957079447e-244,0.9999998725889511
384,0.0,1.067460719503054e-07,2.152618256146239e-249,0.9999998932539281
385,0.0,8.942713681727724e-08,1.9828762423544998e-254,0.9999999105728631
386,0.0,7.49133791837357e-08,1.626727605890477e-259,0.9999999250866208
387,0.0,6.275121122689707e-08,1.1885618264289433e-264,0.9999999372487888
388,0.0,5.256026277536392e-08,7.734174305474634e-270,0.9999999474397373
389,0.0,4.402158314258163e-08,4.48217981788714e-275,0.9999999559784168
390,0.0,3.686774074943324e-08,2.3133746352244593e-280,0.9999999631322594
391,0.0,3.087451581254572e-08,1.0633654503020387e-285,0.9999999691254842
392,0.0,2.5853930215051102e-08,4.353091029821652e-291,0.9999999741460697
393,0.0,2.1648399703138124e-08,1.5870496930830656e-296,0.9999999783516003
394,0.0,1.8125828012447408e-08,5.152998199908371e-302,0.999999981874172
395,0.0,1.5175491472046326e-08,1.4900656568348917e-307,0.9999999848245085
396,0.0,1.2704586941988003e-08,3.83730351885e-313,0.9999999872954131
397,0.0,1.0635336354312074e-08,8.7909e-319,0.9999999893646636
398,0.0,8.902558269554743e-09,0.0,0.9999999910974418
399,0.0,7.451631254769448e-09,0.0,0.9999999925483688
400,0.0,6.236785974518151e-09,0.0,0.9999999937632141
401,0.0,5.219673032828792e-09,0.0,0.999999994780327
402,0.0,4.368162122228226e-09,0.0,0.9999999956318378
403,0.0,3.6553351865227414e-09,0.0,0.9999999963446649
404,0.0,3.0586423061656943e-09,0.0,0.9999999969413577
405,0.0,2.559194052924738e-09,0.0,0.9999999974408059
406,0.0,2.141168288780567e-09,0.0,0.9999999978588316
407,0.0,1.7913129324423164e-09,0.0,0.9999999982086871
408,0.0,1.4985291946413238e-09,0.0,0.9999999985014708
409,0.0,1.2535222820762325e-09,0.0,0.9999999987464776
410,0.0,1.0485086664659887e-09,0.0,0.9999999989514914
411,0.0,8.769707742200027e-10,0.0,0.9999999991230292
412,0.0,7.334514280013889e-10,0.0,0.9999999992665485
413,0.0,6.13381609479319e-10,0.0,0.9999999993866184
414,0.0,5.129361510733902e-10,0.0,0.9999999994870638
415,0.0,4.289128355821199e-10,0.0,0.9999999995710872
416,0.0,3.586311132008768e-10,0.0,0.999999999641369
417,0.0,2.9984725818564374e-10,0.0,0.9999999997001527
418,0.0,2.50683301287923e-10,0.0,0.9999999997493167
419,0.0,2.0956750500185098e-10,0.0,0.9999999997904326
420,0.0,1.7518450999471167e-10,0.0,0.9999999998248155
421,0.0,1.4643358405377479e-10,0.0,0.9999999998535664
422,0.0,1.223936588879609e-10,0.0,0.9999999998776065
423,0.0,1.0229405306938365e-10,0.0,0.9999999998977059
424,0.0,8.548995791282962e-11,0.0,0.99999999991451
425,0.0,7.144191272896261e-11,0.0,0.999999999928558
426,0.0,5.969862131209958e-11,0.0,0.9999999999403014
427,0.0,4.988256664683934e-11,0.0,0.9999999999501175
428,0.0,4.167796892004248e-11,0.0,0.999999999958322
429,0.0,3.4820705756924805e-11,0.0,0.9999999999651793
430,0.0,2.9089875469679348e-11,0.0,0.99999999997091
431,0.0,2.430073594898818e-11,0.0,0.9999999999756993
432,0.0,2.0298795265511647e-11,0.0,0.9999999999797013
433,0.0,1.6954866440373928e-11,0.0,0.9999999999830452
434,0.0,1.4160929331409497e-11,0.0,0.9999999999858391
435,0.0,1.1826668121755007e-11,0.0,0.9999999999881733
436,0.0,9.876574290908491e-12,0.0,0.9999999999901235
437,0.0,8.247522867622263e-12,0.0,0.9999999999917525
438,0.0,6.886744772214628e-12,0.0,0.9999999999931132
439,0.0,5.750130625181556e-12,0.0,0.9999999999942499
440,0.0,4.800811925032696e-12,0.0,0.9999999999951992
441,0.0,4.007974312656809e-12,0.0,0.999999999995992
442,0.0,3.345865020107652e-12,0.0,0.9999999999966542
443,0.0,2.7929627813304502e-12,0.0,0.999999999997207
444,0.0,2.3312836561108996e-12,0.0,0.9999999999976688
445,0.0,1.945800549875616e-12,0.0,0.9999999999980542
446,0.0,1.6239578378416842e-12,0.0,0.9999999999983761
447,0.0,1.3552655371178656e-12,0.0,0.9999999999986448
448,0.0,1.1309600107941998e-12,0.0,0.999999999998869
449,0.0,9.437203143089262e-13,0.0,0.9999999999990563
450,0.0,7.874310738661053e-13,0.0,0.9999999999992125
451,0.0,6.569842758546132e-13,0.0,0.999999999999343
452,0.0,5.481135923708019e-13,0.0,0.9999999999994519
453,0.0,4.572559106695646e-13,0.0,0.9999999999995427
454,0.0,3.8143560681436016e-13,0.0,0.9999999999996186
455,0.0,3.1816783372728725e-13,0.0,0.9999999999996818
456,0.0,2.6537770449686477e-13,0.0,0.9999999999997347
457,0.0,2.2133276264170414e-13,0.0,0.9999999999997787
458,0.0,1.8458655834159164e-13,0.0,0.9999999999998154
459,0.0,1.5393150706866588e-13,0.0,0.999999999999846
460,0.0,1.2835950599337932e-13,0.0,0.9999999999998717
461,0.0,1.0702903355510152e-13,0.0,0.999999999999893
462,0.0,8.923766667018131e-14,0.0,0.9999999999999107
463,0.0,7.439912489146101e-14,0.0,0.9999999999999256
464,0.0,6.202409703130846e-14,0.0,0.9999999999999379
465,0.0,5.1704227999976415e-14,0.0,0.9999999999999483
466,0.0,4.3098745812315235e-14,0.0,0.9999999999999569
467,0.0,3.592329415809575e-14,0.0,0.999999999999964
468,0.0,2.9940607358125314e-14,0.0,0.99999999999997
469,0.0,2.4952724235202737e-14,0.0,0.9999999999999751
470,0.0,2.0794487335721665e-14,0.0,0.9999999999999792
471,0.0,1.7328115650353994e-14,0.0,0.9999999999999828
472,0.0,1.4438673843938323e-14,0.0,0.9999999999999856
473,0.0,1.2030290138849535e-14,0.0,0.999999999999988
474,0.0,1.0022999342214254e-14,0.0,0.99999999999999
475,0.0,8.35010785098953e-15,0.0,0.9999999999999917
476,0.0,6.9559944670702436e-15,0.0,0.9999999999999931
477,0.0,5.794275056515923e-15,0.0,0.9999999999999941
478,0.0,4.826270951932934e-15,0.0,0.9999999999999951
479,0.0,4.0197309089555736e-15,0.0,0.999999999999996
480,0.0,3.3477647076035026e-15,0.0,0.9999999999999966
481,0.0,2.7879534053570503e-15,0.0,0.9999999999999971
482,0.0,2.321607025351677e-15,0.0,0.9999999999999978
483,0.0,1.93314528759523e-15,0.0,0.999999999999998
484,0.0,1.6095810202174495e-15,0.0,0.9999999999999984
485,0.0,1.3400892523948101e-15,0.0,0.9999999999999987
486,0.0,1.1156478001635148e-15,0.0,0.9999999999999989
487,0.0,9.287375022619528e-16,0.0,0.9999999999999991
488,0.0,7.730922218202761e-16,0.0,0.9999999999999992
489,0.0,6.434903649621309e-16,0.0,0.9999999999999993
490,0.0,5.355810325236634e-16,0.0,0.9999999999999994
491,0.0,4.457390606723402e-16,0.0,0.9999999999999996
492,0.0,3.709441574333745e-16,0.0,0.9999999999999997
493,0.0,3.08680136086575e-16,0.0,0.9999999999999997
494,0.0,2.5685090904155097e-16,0.0,0.9999999999999997
495,0.0,2.1371045881758767e-16,0.0,0.9999999999999998
496,0.0,1.7780446425303294e-16,0.0,0.9999999999999998
497,0.0,1.479216451698776e-16,0.0,0.9999999999999998
498,0.0,1.230532100491635e-16,0.0,0.9999999999999998
499,0.0,1.0235905937535803e-16,0.0,1.0
